Q17,Q1,Q2_1,Q3_1,Q5_1,Q6_1,Q7_1,Q8_1,Q9_1,Q10_1,Q11_1,Q15_1,Q16_1
What is your UserID,Which condition you are using,"How mentally taxing was the task in terms of thinking, deciding, and searching? - Mental Demand",How much physical activity was required? Was the task easy or demanding? - Physical Demand,How much time pressure did you feel due to the rate or pace at which the tasks or task elements occurred? Was the pace slow and leisurely or rapid and frantic? - Temporal Demand,"How insecure, discouraged, irritated, stressed, and annoyed versus secure, gratified, content, relaxed and complacent did you feel during the task? - Frustration Level",How hard did you have to work (mentally and physically) to accomplish your level of performance? - Effort,How successful do you think you were in accomplishing the goals of the task set by the experimenter (or yourself)? - Performance,How confident do you think you were in accomplishing the goals of the task set by the experimenter (or yourself)? - Confidence,I could easily find supporting evidence from the information provided by the system to justify my judgment. - Agreement,It was intuitive to pinpoint the specific step that led to the misalignment between agent's behavior and persona. - Agreement,I did not need to spend significant effort manually searching through raw logs for key information. - Agreement,"The Reasoning Panel effectively directed my attention to the most critical steps, reducing my filtering time. - Agreement"
"{""ImportId"":""QID17_TEXT""}","{""ImportId"":""QID1""}","{""ImportId"":""QID2_1""}","{""ImportId"":""QID3_1""}","{""ImportId"":""QID5_1""}","{""ImportId"":""QID6_1""}","{""ImportId"":""QID7_1""}","{""ImportId"":""QID8_1""}","{""ImportId"":""QID9_1""}","{""ImportId"":""QID10_1""}","{""ImportId"":""QID11_1""}","{""ImportId"":""QID15_1""}","{""ImportId"":""QID16_1""}"
1,Condition A,3,4,1,1,3,8,6,6,4,7,5
1,Condition C,6,8,5,3,4,6,3,3,4,3,5
3,Condition A,3,1,1,1,2,3,4,8,9,6,8
3,Condition C,1,1,1,1,3,5,5,4,8,2,8
5,Condition C,6,3,3,2,6,8,8,7,5,8,8
5,Condition A,4,3,3,3,5,8,8,8,6,8,7
7,Condition A,3,1,2,1,1,10,9,9,10,9,10
7,Condition C,8,6,5,7,6,3,6,4,3,2,1
9,Condition C,7,1,7,6,5,3,5,3,3,8,6
9,Condition A,3,1,3,2,3,7,7,5,9,9,9
11,Condition A,4,2,3,2,3,10,6,8,5,8,9
11,Condition C,4,1,1,1,4,9,7,3,4,3,5